{"cameraMode":{"drawMode":0,"name":"Shaded","section":"Shading Mode"},"sceneLighting":true,"audioPlay":false,"sceneViewState":{"showFog":true,"showMaterialUpdate":false,"showSkybox":true,"showFlares":true,"showImageEffects":true,"showParticleSystems":true},"in2DMode":false,"pivot":{"x":-0.00763702392578125,"y":0.009999999776482582,"z":0.029998779296875},"rotation":{"x":0.1858656257390976,"y":-0.6481788158416748,"z":0.16750966012477876,"w":0.7192070484161377},"size":5.701877593994141,"orthographic":true}